Kinase.Gene,Substrate.Gene,Substrate.Mod,Source,log2FC
O70126,Vim,S39,PhosphoSitePlus,-0.557874067141807
O88643,Stat5a,S779,PhosphoSitePlus,-0.119629412710534
P05132,Hspb1,S15,PhosphoSitePlus,-0.744371907759592
P05132,Marcks,S152,PhosphoSitePlus,-0.247778118385607
P05132,Bad,S155,PhosphoSitePlus,0.281545124334758
P05132,Marcks,S163,PhosphoSitePlus,-0.222636360966261
P05132,Vim,S39,PhosphoSitePlus,-0.557874067141807
P05132,Plin1,S492,PhosphoSitePlus,-0.884359790935453
P05132,Hspb1,S86,PhosphoSitePlus,-0.675683353943286
P05132,Plcl1,S96,PhosphoSitePlus,-0.554676061802307
P05132,Ppp1r1a,T35,PhosphoSitePlus,0.672936345095586
P05132,Plcl1,T94,PhosphoSitePlus,-0.554676061802307
P06240,Mapk1,Y185,PhosphoSitePlus,0.362248891061886
P0C605,Bad,S155,PhosphoSitePlus,0.281545124334758
P11440,Des,S32,PhosphoSitePlus,-0.276705050529897
P11440,Lmna,S392,PhosphoSitePlus,-0.396084328743026
P11440,Ppp1r1a,S67,PhosphoSitePlus,0.354150537518285
P18653,Bad,S155,PhosphoSitePlus,0.281545124334758
P20444,Hspb1,S15,PhosphoSitePlus,-0.744371907759592
P20444,Tmpo,S179,PhosphoSitePlus,0.134302595960836
P20444,Cd34,S343,PhosphoSitePlus,-0.352154315397749
P20444,Vim,S39,PhosphoSitePlus,-0.557874067141807
P20444,Ppp1r1a,S67,PhosphoSitePlus,0.354150537518285
P20444,Hspb1,S86,PhosphoSitePlus,-0.675683353943286
P28867,Hspb1,S15,PhosphoSitePlus,-0.744371907759592
P28867,Hspb1,S86,PhosphoSitePlus,-0.675683353943286
P31750,Bad,S155,PhosphoSitePlus,0.281545124334758
P31750,Acly,S455,PhosphoSitePlus,1.19485603852597
P31750,Tbc1d1,S660,PhosphoSitePlus,-0.346595179161282
P31750,Gsk3b,S9,PhosphoSitePlus,0.242407195851229
P31750,Tbc1d1,T590,PhosphoSitePlus,-0.131199337228729
P31938,Mapk1,Y185,PhosphoSitePlus,0.362248891061886
P47811,Pgrmc1,S181,PhosphoSitePlus,-0.0524012054962608
P47811,Ranbp2,S2505,PhosphoSitePlus,-0.235380966206878
P47811,Ahnak,S5555,PhosphoSitePlus,-0.19700231399449
P47811,Cryab,S59,PhosphoSitePlus,-0.351018531676862
P47811,Mapk14,Y182,PhosphoSitePlus,-0.302077448209812
P49138,Hspb1,S15,PhosphoSitePlus,-0.744371907759592
P49615,Stub1,S20,PhosphoSitePlus,-0.16608968886382
P49615,Ppp1r1a,S67,PhosphoSitePlus,0.354150537518285
P58750,Bad,S155,PhosphoSitePlus,0.281545124334758
P63085,Ahnak,S217,PhosphoSitePlus,0.0493841992350506
P63085,Zc3hc1,S353,PhosphoSitePlus,-0.269088026240613
P63085,Safb,S366,PhosphoSitePlus,-0.229186124646203
P63085,Ahnak,S4890,PhosphoSitePlus,-0.901358379157323
P63085,Rps3,T221,PhosphoSitePlus,-0.52524869425132
P63085,Mapk1,Y185,PhosphoSitePlus,0.362248891061886
P63318,Camk2b,S315,PhosphoSitePlus,0.291964327238535
P70268,Cryab,S59,PhosphoSitePlus,-0.351018531676862
P70335,Marcks,S152,PhosphoSitePlus,-0.247778118385607
Q02956,Tbc1d4,S595,PhosphoSitePlus,0.26512834596272
Q5EG47,Mff,S146,PhosphoSitePlus,0.295763375950273
Q5EG47,Gfpt1,S259,PhosphoSitePlus,-0.0798474145852393
Q5EG47,Pnpla2,S406,PhosphoSitePlus,0.0776008849196969
Q5EG47,Tbc1d1,S660,PhosphoSitePlus,-0.346595179161282
Q5EG47,Cycs,T29,PhosphoSitePlus,0.236603443717846
Q5EG47,Tbc1d1,T590,PhosphoSitePlus,-0.131199337228729
Q60737,Hdac2,S394,PhosphoSitePlus,-0.147081428908598
Q61083,Ctnnb1,S675,PhosphoSitePlus,0.122467239241263
Q63844,Ppp1r1a,S67,PhosphoSitePlus,0.354150537518285
Q63844,Pxn,S83,PhosphoSitePlus,-0.27630470766014
Q8BRK8,Gfpt1,S259,PhosphoSitePlus,-0.0798474145852393
Q8BSK8,Gsk3b,S9,PhosphoSitePlus,0.242407195851229
Q91VJ4,Rab11fip5,S307,PhosphoSitePlus,-0.353084384336748
Q9JLN9,Ahnak,S5525,PhosphoSitePlus,-0.190494349832078
Q9JLN9,Ahnak,S5553,PhosphoSitePlus,-0.119006144864804
Q9JLN9,Larp1,S743,PhosphoSitePlus,0.099056286377713
Q9JLN9,Eif4ebp2,T41,PhosphoSitePlus,-0.038286757018731
Q9JLN9,Eif4ebp1,T45,PhosphoSitePlus,-0.0653398693735122
Q9JLN9,Eif4ebp1,T69,PhosphoSitePlus,0.331659120068088
Q9WV60,Dpysl2,T509,PhosphoSitePlus,0.18078073692545
Q9Z2A0,Pdpk1,S244,PhosphoSitePlus,0.00747997281830772
